0,bayvumgrbgsqflehrilywojvewpfysmculasaik,oeuwrbgjkrljiufntxuvshxnubgujt,0
1,yxuxrxeckwnufkcuecpawwbnrcvplpomnjkgkp,umaptkuroyhpwhqkbugqgwitmteuevfaihrfrmwjmgb,0
2,ptvtocmubuqopxjttrtfymmtbldptebmxwgmcujd,dtidgewabeypsssexjycklcktqmqdrjgotluykucpvrirkpp,1
3,ouhcwrxogotxbcmunjvxexpdrbufqkbhfklfejvka,lbrxwfksfqtxtlyospauyhhkmmtiwvx,2
4,xrjwyvrfmldhaevstxpugxfskbcj,cuwugttcmboagxakuvgsnbyliuxjykjbfgxnduprxgr,3
5,furcsyugcwultuusfevmnwaqrripb,wgwpirqfysevexqcsyipnvmoogiwxjcvrbnctekuyoqepjiiksxypmpgsxerk,4
6,pejdhdjraiisoxdwhpqhoiueqpfwjrfyvpefun,vwiolgtlpkexbosifknduhitdxbjvoirnqgaadlppr,5
7,qgiyltoqovakcalnvdvnqpwqrcehrvxieikscyjsxjgamrpiwnyod,huxofrmfarnkkqmtlkgrmsmcbjpaavxisxwxpjdsd,6
8,dnkrkxcqqojfsmqjprfncxobyemcyqvfgiwqhchaqshmgxvvpd,rbauahifgydnfolyxnixgcfskfqivttpxwlxgvfouldcaqbx,7
9,mxmqfibkylithbreormkachlflnxpn,cnqssytfyhquotmtiggugkctrnhpdwthkladmv,8
10,ndcisvwogewbmifjauqqbqkibxjhl,sylwkeujsbnpedalmbgfthvesxfcfsjatuwebtovweobjoovpuejfaqxaxc,9
11,qlhkjgpkaghwmvawmoudmbotchrefvmxjvjsdbedjndvl,uxssdhtubxesdkqrianttquawenadbfxyxqfflai,10
12,eboqtgcuuvontqkxemdhscissnb,njqunflhopcjmsyijmipymwto,11
13,pjvqqkcjhrqucflgqaasilfqcgdbbtjqeg,wsnicgywkhiqakqssdxmhfrkimubsdmrvcaxi,12
14,wukgmlqdgmifyrmsdwhxxcdmtbovyaaxukehxxnfmxmnqbgvxotxqyknab,bbjyyweiuevaqumenpmjnbfnuexiect,13
15,fggedmnxqlbjippvgdhvemkbskjymggsmpyrcmrv,sfhjvgrbnnhdxjxjuxxbgqpvqhyfcweucogauxdkolpmuoxpmwtunl,14
16,gvsmxrsstjcwgaatonjeixcbmbwipkcxgwmgoickrejbgmu,aecldgorilaaxeafdnltvphptsqbflbiqfvvlknvxqxvwydbmrwkheacxtfff,15
17,pxlltyvkxtbvsxuvbhnbtxhuafohnvpdudpqcndake,dftbiepjxnrupylyokouhrmxvaeymixpprrbxjmyygvqiipwuetcvgctjgsvr,16
18,mjngklrakqghhoryomdkobrsubaqwrjlbwtojlovewfloymfnppeshxqkxh,rqxuqsjceaajxgwohktvcjavtxmextqrmpnfiyhoaixaqxoxiivmtwinwwu,17
19,slpgddllfvbfebhwyxujitycqhspfp,xdeghjusoqvvwadtydqllkkqdtltbbhcenklxf,18
